Consultas principales,1/7/26 - 19/9/26 Clics,1/4/26 - 30/6/26 Clics,1/7/26 - 19/9/26 Impresiones,1/4/26 - 30/6/26 Impresiones,1/7/26 - 19/9/26 CTR,1/4/26 - 30/6/26 CTR,1/7/26 - 19/9/26 Posición,1/4/26 - 30/6/26 Posición
tasacion vehiculos,0,0,47,0,0%,0%,17.66,0
que es tasacion de vehiculos,0,0,5,0,0%,0%,4,0
tasacion vehicular,0,0,4,0,0%,0%,7.25,0
tasación de vehículos,0,0,3,0,0%,0%,5.33,0
que es la tasacion de un vehiculo,0,0,2,0,0%,0%,2,0
tasación de vehículos y maquinaria,0,0,2,0,0%,0%,9,0
1,0,0,1,0,0%,0%,2,0
vehiculos,0,0,1,0,0%,0%,4,0
what is vehicle appraisal,0,0,1,0,0%,0%,4,0
tasacion de autos,0,0,1,0,0%,0%,5,0
tasar vehículo,0,0,1,0,0%,0%,5,0
trámite legal,0,0,1,0,0%,0%,5,0
proveedores,0,0,1,0,0%,0%,6,0
consulta valor comercial vehiculos,0,0,1,0,0%,0%,7,0
si,0,0,1,0,0%,0%,9,0
tasacion de vehiculos,0,0,1,0,0%,0%,13,0