Páginas principales,1/7/26 - 19/9/26 Clics,1/4/26 - 30/6/26 Clics,1/7/26 - 19/9/26 Impresiones,1/4/26 - 30/6/26 Impresiones,1/7/26 - 19/9/26 CTR,1/4/26 - 30/6/26 CTR,1/7/26 - 19/9/26 Posición,1/4/26 - 30/6/26 Posición
https://vanguardiamax.com/,70,61,913,499,7.67%,12.22%,6.06,6.4
https://vanguardiamax.com/tasaciones/vehicular,13,0,263,0,4.94%,0%,9.06,0
https://vanguardiamax.com/precio-de-una-tasacion-cuanto-cuesta-tasar-en-peru-lo-que-las-tasadoras-no-te-dicen/,11,24,863,4578,1.27%,0.52%,5.9,5.66
https://vanguardiamax.com/guia-completa-sobre-el-calculo-del-valor-de-reposicion/,9,70,822,7416,1.09%,0.94%,6.57,6.27
https://vanguardiamax.com/tasaciones/judicial,7,0,1327,0,0.53%,0%,35.69,0
https://vanguardiamax.com/tasadores-de-terrenos-como-determinar-el-valor-del-terreno/,6,2,355,588,1.69%,0.34%,10.67,10.19
https://vanguardiamax.com/tasaciones/activos-fijos,5,0,300,0,1.67%,0%,5.46,0
https://vanguardiamax.com/tasaciones/agricolas,5,0,100,0,5%,0%,5.88,0
https://vanguardiamax.com/tasaciones/alquiler,4,0,2680,0,0.15%,0%,8.13,0
https://vanguardiamax.com/tasaciones/hipotecaria,4,0,147,0,2.72%,0%,6.46,0
https://vanguardiamax.com/servicios/proyectos-estudio-itf,4,0,93,0,4.3%,0%,3.92,0
https://vanguardiamax.com/que-es-la-tasacion-de-propiedades-con-ifrs/,4,5,40,150,10%,3.33%,5.85,6.08
https://vanguardiamax.com/tasaciones,3,0,219,0,1.37%,0%,5.45,0
https://vanguardiamax.com/tasaciones-ifrs-en-peru-descubre-el-valor-real-de-tu-empresa/,3,0,107,13,2.8%,0%,9.38,11.69
https://vanguardiamax.com/tasaciones-judiciales/,3,0,12,25,25%,0%,5.25,3.92
https://vanguardiamax.com/tasaciones-de-alquileres-y-renta/,2,0,141,131,1.42%,0%,2.34,1.82
https://vanguardiamax.com/tasaciones/obras-arte,2,0,87,2,2.3%,0%,4.08,2
https://vanguardiamax.com/servicios-tasaciones-peru-vanguardiamax/,2,4,81,225,2.47%,1.78%,3.46,3.23
https://vanguardiamax.com/servicios/auditoria-planos,2,0,61,0,3.28%,0%,4.89,0
https://vanguardiamax.com/servicios,1,0,116,0,0.86%,0%,1.84,0
https://vanguardiamax.com/tasaciones-para-cobertura-de-seguros/,1,1,65,221,1.54%,0.45%,12.48,11.9
https://vanguardiamax.com/tasaciones-de-vehiculos-y-maquinarias/,1,4,64,274,1.56%,1.46%,33.95,24.45
https://vanguardiamax.com/tasaciones-de-inmuebles-guia-completa-para-valoraciones-precisas/,1,0,63,97,1.59%,0%,12.4,20.01
https://vanguardiamax.com/servicios/proyectos-supervision-obras,1,0,43,0,2.33%,0%,6.7,0
https://vanguardiamax.com/articulos/precio-de-una-tasacion-cuanto-cuesta-tasar-en-peru-lo-que-las-tasadoras-no-te-dicen,1,0,9,0,11.11%,0%,7,0
https://vanguardiamax.com/tasaciones-para-toma-de-seguros/,1,1,7,13,14.29%,7.69%,1.86,20.62
https://www.vanguardiamax.com/?utm_source=mybusiness&utm_medium=organic&utm_campaign=branding,0,0,1037,1047,0%,0%,5.43,5.27
https://vanguardiamax.com/como-realizar-una-tasacion-inmobiliaria-en-tres-pasos-detallados/,0,0,234,343,0%,0%,61.5,33.28
https://vanguardiamax.com/servicios/saneamiento-inmobiliario,0,0,208,0,0%,0%,8.28,0
https://vanguardiamax.com/gestion-notarial/,0,0,75,37,0%,0%,1.64,2.73
https://vanguardiamax.com/cuales-son-los-pasos-para-la-construccion-de-un-centro-comercial/,0,1,71,324,0%,0.31%,25.94,24.63
https://vanguardiamax.com/servicios/proyectos-estudio-viabilidad,0,0,61,0,0%,0%,13.87,0
https://vanguardiamax.com/tasacion-judicial-importancia-proceso-y-aplicaciones-en-el-sistema-legal-peruano/,0,64,56,5475,0%,1.17%,5.61,6.96
https://vanguardiamax.com/valoraciones-ifrs-niif-la-clave-para-estados-financieros-precisos-y-auditable/,0,2,51,114,0%,1.75%,8.41,9.23
https://vanguardiamax.com/tasacion-de-inmuebles-old/,0,1,39,66,0%,1.52%,2.1,2.91
https://vanguardiamax.com/tasaciones/para-seguros,0,0,39,0,0%,0%,5.23,0
https://vanguardiamax.com/articulos,0,0,34,0,0%,0%,2.91,0
https://vanguardiamax.com/tasaciones/fiduciarias,0,0,33,0,0%,0%,2.45,0
https://vanguardiamax.com/supervision-de-obra-la-garantia-de-que-tu-inversion-no-se-devalue/,0,0,26,3,0%,0%,20.31,5
https://vanguardiamax.com/planos-y-topografia/,0,0,25,13,0%,0%,3.72,29
https://vanguardiamax.com/inventarios-y-tasaciones-de-activos-fijos-bajo-ifrs/,0,2,20,126,0%,1.59%,7.3,10.2
https://vanguardiamax.com/tasaciones-de-todo-tipo-de-embarcaciones/,0,0,19,21,0%,0%,2.05,24.05
https://vanguardiamax.com/tasacion-de-inmuebles-2/,0,5,17,328,0%,1.52%,3.76,6.27
https://vanguardiamax.com/tasaciones/embarcaciones,0,0,17,0,0%,0%,4.76,0
https://vanguardiamax.com/articulos/como-realizar-una-tasacion-inmobiliaria-en-tres-pasos-detallados,0,0,17,0,0%,0%,7.94,0
https://vanguardiamax.com/nosotros/,0,4,14,184,0%,2.17%,2.64,2.38
https://vanguardiamax.com/libro-de-reclamaciones,0,0,14,0,0%,0%,5.07,0
https://vanguardiamax.com/tasaciones/impuesto-predial,0,0,14,0,0%,0%,7.21,0
https://vanguardiamax.com/tasaciones/empresas,0,0,12,0,0%,0%,3.42,0
https://vanguardiamax.com/politica-de-privacidad,0,0,12,0,0%,0%,3.5,0
https://vanguardiamax.com/author/admin_web/,0,0,11,17,0%,0%,24.64,9.18
https://vanguardiamax.com/tasaciones-con-fines-contables/,0,0,8,16,0%,0%,1,31.69
https://vanguardiamax.com/contacto-tasaciones/,0,3,8,162,0%,1.85%,2.62,2.31
https://vanguardiamax.com/author/admin_web/page/2/,0,0,6,12,0%,0%,4,5.67
https://vanguardiamax.com/noticias/blog-y-noticias-tasaciones/,0,0,6,0,0%,0%,4.33,0
https://vanguardiamax.com/tasacion-gestion-e-inventarios/,0,0,5,12,0%,0%,1,2.67
https://vanguardiamax.com/noticias/,0,0,4,20,0%,0%,13.75,10.2
https://vanguardiamax.com/articulos/tasadores-de-terrenos-como-determinar-el-valor-del-terreno,0,0,3,0,0%,0%,20,0
https://vanguardiamax.com/category/sin-categoria/,0,0,2,8,0%,0%,1,8.62
https://vanguardiamax.com/libro-reclamaciones/,0,1,2,15,0%,6.67%,1,6.2
https://vanguardiamax.com/tasaciones-inmobiliarias-analisis-y-calculo-impuesto-predial-municipal/,0,0,2,8,0%,0%,20,9.88
https://vanguardiamax.com/peritaje-judicial-y-gestion-notarial/,0,0,2,67,0%,0%,45.5,23.42
https://vanguardiamax.com/articulos/tasaciones-de-inmuebles-guia-completa-para-valoraciones-precisas,0,0,1,0,0%,0%,4,0
https://vanguardiamax.com/tasaciones-con-fines-contables/tasaciones-overhaul-calculo-de-vidas-utiles-para-dar-baja-estados-financieros/,0,0,1,15,0%,0%,4,10
https://vanguardiamax.com/articulos/cuales-son-los-pasos-para-la-construccion-de-un-centro-comercial,0,0,1,0,0%,0%,7,0
https://vanguardiamax.com/tasador-online-sepa-en-cuanto-esta-valorizado-su-inmueble/,0,0,1,5,0%,0%,11,10.6
https://vanguardiamax.com/liberan-predios-e-interferencias-para-la-construccion-del-puente-huampani/,0,0,1,1,0%,0%,15,9
https://vanguardiamax.com/saneamiento-independizaciones-y-tramites/,0,1,0,4,0%,25%,0,15.25
https://vanguardiamax.com/proyectos-y-supervision-de-obras/,0,1,0,3,0%,33.33%,0,6.33
https://vanguardiamax.com/cotizaciones-tasaciones/,0,0,0,32,0%,0%,0,4.12
https://vanguardiamax.com/project/photography/,0,0,0,8,0%,0%,0,4.88
https://vanguardiamax.com/tasacion-equipos-estado-de-obsolescencia/,0,0,0,6,0%,0%,0,6.17
https://vanguardiamax.com/auditoria-de-planos-e-inmuebles/,0,0,0,4,0%,0%,0,17.25
https://vanguardiamax.com/tag/contratar-un-tasador/,0,0,0,3,0%,0%,0,8.67
https://vanguardiamax.com/services/business-advisor/,0,0,0,1,0%,0%,0,1
https://www.vanguardiamax.com/,0,0,0,1,0%,0%,0,7
https://vanguardiamax.com/consultoria-inmobiliaria-y-bi/,0,0,0,1,0%,0%,0,11